{
	"__comment": "Model generated using MrCrayfish's Model Creator (http://mrcrayfish.com/modelcreator/)",
	"textures": {
		"0": "blocks/lava_still"
	},
	"elements": [ 	 
		{
			"from": [ 6, 4, 6 ],
			"to": [ 9, 7, 9 ],
			"faces": {
				"down": { "uv": [ 1, 3, 7, 10 ], "texture": "#0" },
				"up": { "uv": [ 4, 5, 11, 14 ], "texture": "#0" },
				"north": { "uv": [ 4, 3, 12, 11 ], "texture": "#0" },
				"south": { "uv": [ 4, 4, 7, 7 ], "texture": "#0" },
				"west": { "uv": [ 4, 4, 7, 7 ], "texture": "#0" },
				"east": { "uv": [ 4, 4, 7, 7 ], "texture": "#0" }
			}
		},
		{
			"from": [ 9, 4.2, 6 ],
			"to": [ 9.2, 6.9, 8.8 ],
			"faces": {
				"down": { "uv": [ 0, 0, 0.2, 2.8 ], "texture": "#0" },
				"up": { "uv": [ 0, 0, 0.2, 2.8 ], "texture": "#0" },
				"north": { "uv": [ 0, 0, 3.2, 5.7 ], "texture": "#0" },
				"south": { "uv": [ 0, 0, 7.2, 7.7 ], "texture": "#0" },
				"west": { "uv": [ 0, 0, 2.8, 2.7 ], "texture": "#0" },
				"east": { "uv": [ 0, 0, 6.8, 6.7 ], "texture": "#0" }
			}
		},
		{
			"from": [ 5.8, 4.2, 6 ],
			"to": [ 6, 6.9, 8.8 ],
			"faces": {
				"down": { "uv": [ 0, 0, 0.2, 2.8 ], "texture": "#0" },
				"up": { "uv": [ 0, 0, 0.2, 2.8 ], "texture": "#0" },
				"north": { "uv": [ 0, 0, 0.2, 2.7 ], "texture": "#0" },
				"south": { "uv": [ 1, 0, 1.2, 2.7 ], "texture": "#0" },
				"west": { "uv": [ 0, 0, 7.8, 7.7 ], "texture": "#0" },
				"east": { "uv": [ 0, 0, 2.8, 2.7 ], "texture": "#0" }
			}
		},
		{
			"from": [ 6.1, 4.2, 9 ],
			"to": [ 8.8, 6.9, 9.2 ],
			"faces": {
				"down": { "uv": [ 0, 0, 2.7, 0.1999998 ], "texture": "#0" },
				"up": { "uv": [ 0, 0, 2.7, 0.1999998 ], "texture": "#0" },
				"north": { "uv": [ 0, 0, 2.7, 2.7 ], "texture": "#0" },
				"south": { "uv": [ 0, 0, 6.7, 7.7 ], "texture": "#0" },
				"west": { "uv": [ 0, 0, 0.2, 2.7 ], "texture": "#0" },
				"east": { "uv": [ 0, 0, 0.2, 1.7 ], "texture": "#0" }
			}
		},
		{
			"from": [ 6.1, 4.2, 5.8 ],
			"to": [ 8.8, 6.9, 6 ],
			"faces": {
				"down": { "uv": [ 0, 0, 2.7, 0.1999998 ], "texture": "#0" },
				"up": { "uv": [ 0, 0, 2.7, 0.1999998 ], "texture": "#0" },
				"north": { "uv": [ 0, 0, 7.7, 6.7 ], "texture": "#0" },
				"south": { "uv": [ 0, 0, 2.7, 2.7 ], "texture": "#0" },
				"west": { "uv": [ 0, 0, 0.2, 2.7 ], "texture": "#0" },
				"east": { "uv": [ 0, 0, 0.2, 2.7 ], "texture": "#0" }
			}
		}
	],
	"display": {
		"thirdperson_righthand": {
			"translation":  [ 1.0009, 1, -1.43 ],
			"scale":  [ 1.2173, 1.3128, 1.2086 ]
		},
		"thirdperson_lefthand": {
			"translation":  [ -1.086, 1, -1.43 ],
			"scale":  [ 1.2173, 1.3128, 1.2086 ]
		},
		"firstperson_righthand": {
			"translation":  [ 0, 7.6521, 0 ],
			"scale":  [ 1.5217, 1.5912, 1 ]
		},
		"firstperson_lefthand": {
			"translation":  [ 0, 7.6521, 0 ],
			"scale":  [ 1.5217, 1.5912, 1 ]
		},
		"gui": {
			"rotation":  [ 9, 22, 0 ],
			"translation":  [ 0.6956, 5.5652, 0 ],
			"scale":  [ 2.1563, 2.2867, 1.7651 ]
		},
		"ground": {
			"translation":  [ 0, -0.695, 0 ],
			"scale":  [ 2.252, 2.565, 2.3564 ]
		},
		"fixed": {
			"translation":  [ 2.0869, 7.6521, 0 ],
			"scale":  [ 3.0519, 3.052, 1.2782 ]
		}
	}
}